model,period,MAE,RMSE,n
Historical mean,All years,4.767793357322665,6.554721572225721,65119.0
Historical mean,2012-2019 (steady growth),3.8818134508458964,5.185676068530701,37938.0
Historical mean,2020-2021 (pandemic boom),10.779347908785292,12.206322956931347,9587.0
Historical mean,2022+ (rate shock),3.40252861974414,4.45500192146047,17594.0
Momentum (last 12m),All years,4.038980084373501,6.171792382749179,65119.0
Momentum (last 12m),2012-2019 (steady growth),2.9233392615072953,4.565504169316689,37938.0
Momentum (last 12m),2020-2021 (pandemic boom),6.900541438801803,8.600546256085712,9587.0
Momentum (last 12m),2022+ (rate shock),4.885370492068962,7.465320729660855,17594.0
No change,All years,6.21607883020391,8.080636645541142,65119.0
No change,2012-2019 (steady growth),5.414398029527506,6.5832224135563955,37938.0
No change,2020-2021 (pandemic boom),14.10664683776758,15.359980659572413,9587.0
No change,2022+ (rate shock),3.645162081741279,4.434713486045191,17594.0
